{"cameraMode":{"drawMode":0,"name":"Shaded","section":"Shading Mode"},"sceneLighting":false,"audioPlay":false,"sceneViewState":{"showFog":true,"showMaterialUpdate":false,"showSkybox":false,"showFlares":true,"showImageEffects":true,"showParticleSystems":true},"in2DMode":false,"pivot":{"x":2.183107614517212,"y":-0.21998296678066255,"z":-2.2392261028289797},"rotation":{"x":0.14347800612449647,"y":0.06705079972743988,"z":-0.009755725041031838,"w":0.9873312711715698},"size":2.1335299015045168,"orthographic":false}