{"cameraMode":{"drawMode":0,"name":"Shaded","section":"Shading Mode"},"sceneLighting":true,"audioPlay":false,"sceneViewState":{"showFog":true,"showMaterialUpdate":false,"showSkybox":true,"showFlares":true,"showImageEffects":true,"showParticleSystems":true},"in2DMode":false,"pivot":{"x":0.04704224690794945,"y":0.15760357677936555,"z":-0.05088169127702713},"rotation":{"x":0.3210073709487915,"y":-0.052239008247852328,"z":0.01772359199821949,"w":0.9454688429832459},"size":0.3346098065376282,"orthographic":false}